{
    "applySetIndex": 0,
    "set0": {
        "playerLight": {
            "diffuse": [
                0.24705882370471955,
                0.24705882370471955,
                0.24705882370471955,
                0.9960784316062927
            ],
            "diffuseIntensity": 1.0,
            "ambientColor": [
                0.2980392277240753,
                0.2980392277240753,
                0.2980392277240753,
                0.48627451062202456
            ],
            "ambientIntensity": 1.0,
            "skyLightColor": [
                0.0,
                0.0,
                0.0,
                0.48627451062202456
            ],
            "skyLightIntensity": 1.0,
            "commonLightColor": [
                0.0,
                0.0,
                0.0,
                0.48627451062202456
            ],
            "commonLightIntensity": 1.0
        },
        "cameraLight": {
            "enable": 1,
            "baseColor": [
                1.0,
                1.0,
                1.0,
                1.0
            ],
            "intensity": 1.0,
            "radius": 500.0,
            "length": 1500.0,
            "radialAttenuationStart": 0.0,
            "axialAttenuationStart": 0.0
        },
        "envMapPlayer": {
            "intensity": 1.0,
            "saturation": 1.0
        }
    },
    "set1": {
        "playerLight": {
            "diffuse": [
                0.24705882370471955,
                0.24705882370471955,
                0.24705882370471955,
                0.9960784316062927
            ],
            "diffuseIntensity": 1.0,
            "ambientColor": [
                0.2980392277240753,
                0.2980392277240753,
                0.2980392277240753,
                0.48627451062202456
            ],
            "ambientIntensity": 1.0,
            "skyLightColor": [
                0.0,
                0.0,
                0.0,
                0.48627451062202456
            ],
            "skyLightIntensity": 1.0,
            "commonLightColor": [
                0.0,
                0.0,
                0.0,
                0.48627451062202456
            ],
            "commonLightIntensity": 1.0
        },
        "cameraLight": {
            "enable": 1,
            "baseColor": [
                1.0,
                1.0,
                1.0,
                1.0
            ],
            "intensity": 1.0,
            "radius": 500.0,
            "length": 1500.0,
            "radialAttenuationStart": 0.0,
            "axialAttenuationStart": 0.0
        },
        "envMapPlayer": {
            "intensity": 1.0,
            "saturation": 1.0
        }
    },
    "playerEnvProbe": {
        "diffuseFile": "data/public/evn/player_env_d.dds",
        "specularFile": "data/public/evn/player_env_s.dds",
        "mixProportion": 0.0
    }
}