{
    "WaterCount": 3,
    "MaxWaterID": 3,
    "water0": {
        "WaterType": 1,
        "WaterRenderVersion": 2,
        "WaterID": 0,
        "Postion": [
            25600.0,
            -325.0,
            25600.0
        ],
        "Scale": [
            1.0,
            1.0
        ],
        "RotY": 0.0,
        "Depth": 1000000.0,
        "BaseWidth": 512,
        "BaseLenght": 512,
        "ClipType": 0,
        "CustumVHName": "water_0",
        "WaterMaterial": "data/material/Shader/Mtl_Water/Mtl_Water_Dx9_Std_BWater.JsonIns",
        "UWaterMaterial": "",
        "UwUnique": 0,
        "WaterQuality": 0.800000011920929,
        "FogDensity": 0.5,
        "FogOpacity": 0.0,
        "FogStartDistance": 0.0,
        "FogEndDistance": 5000.0,
        "FogPower": 0.4000000059604645,
        "FogColor": [
            0.01600000075995922,
            0.06700000166893006,
            0.14499999582767487,
            1.0
        ],
        "CausticLineLenght": 10000.0,
        "CausticDensity": 20.0,
        "CausticIntensity": 0.30000001192092898,
        "FFTDensity": 1.0,
        "GradScale": 2.0,
        "UseFFT": 0,
        "RippleIndex": 0,
        "ReflectIndensity": 0.6000000238418579,
        "ReflectDistortion": 0.02500000037252903
    },
    "water1": {
        "WaterType": 1,
        "WaterRenderVersion": 2,
        "WaterID": 1,
        "Postion": [
            76800.0,
            -325.0,
            25600.0
        ],
        "Scale": [
            1.0,
            1.0
        ],
        "RotY": 0.0,
        "Depth": 1000000.0,
        "BaseWidth": 512,
        "BaseLenght": 512,
        "ClipType": 0,
        "CustumVHName": "water_1",
        "WaterMaterial": "data/material/Shader/Mtl_Water/Mtl_Water_Dx9_Std_BWater.JsonIns",
        "UWaterMaterial": "",
        "UwUnique": 0,
        "WaterQuality": 0.800000011920929,
        "FogDensity": 0.5,
        "FogOpacity": 0.0,
        "FogStartDistance": 0.0,
        "FogEndDistance": 5000.0,
        "FogPower": 0.4000000059604645,
        "FogColor": [
            0.01600000075995922,
            0.06700000166893006,
            0.14499999582767487,
            1.0
        ],
        "CausticLineLenght": 10000.0,
        "CausticDensity": 20.0,
        "CausticIntensity": 0.30000001192092898,
        "FFTDensity": 1.0,
        "GradScale": 2.0,
        "UseFFT": 0,
        "RippleIndex": 0,
        "ReflectIndensity": 0.6000000238418579,
        "ReflectDistortion": 0.02500000037252903
    },
    "water2": {
        "WaterType": 1,
        "WaterRenderVersion": 2,
        "WaterID": 2,
        "Postion": [
            25600.0,
            -325.0,
            76800.0
        ],
        "Scale": [
            1.0,
            1.0
        ],
        "RotY": 0.0,
        "Depth": 1000000.0,
        "BaseWidth": 512,
        "BaseLenght": 512,
        "ClipType": 0,
        "CustumVHName": "water_2",
        "WaterMaterial": "data/material/Shader/Mtl_Water/Mtl_Water_Dx9_Std_BWater.JsonIns",
        "UWaterMaterial": "",
        "UwUnique": 0,
        "WaterQuality": 0.800000011920929,
        "FogDensity": 0.5,
        "FogOpacity": 0.0,
        "FogStartDistance": 0.0,
        "FogEndDistance": 5000.0,
        "FogPower": 0.4000000059604645,
        "FogColor": [
            0.01600000075995922,
            0.06700000166893006,
            0.14499999582767487,
            1.0
        ],
        "CausticLineLenght": 10000.0,
        "CausticDensity": 20.0,
        "CausticIntensity": 0.30000001192092898,
        "FFTDensity": 1.0,
        "GradScale": 2.0,
        "UseFFT": 0,
        "RippleIndex": 0,
        "ReflectIndensity": 0.6000000238418579,
        "ReflectDistortion": 0.02500000037252903
    }
}